{"cameraMode":{"drawMode":0,"name":"Shaded","section":"Shading Mode"},"sceneLighting":true,"audioPlay":false,"sceneViewState":{"showFog":true,"showMaterialUpdate":false,"showSkybox":true,"showFlares":true,"showImageEffects":true,"showParticleSystems":true},"in2DMode":false,"pivot":{"x":-16.721622467041017,"y":-10.40951919555664,"z":-10.81759262084961},"rotation":{"x":0.1315455436706543,"y":-0.8386399149894714,"z":0.23238185048103333,"w":0.47473934292793276},"size":56.829532623291019,"orthographic":false}